playlist_id,song_id
1,40
1,17
1,68
1,275
1,151
1,240
1,289
1,163
1,72
1,73
1,106
1,201
1,127
1,23
1,118
1,213
1,34
1,83
1,6
2,103
2,200
2,193
2,256
2,94
2,113
2,59
2,40
2,26
2,76
2,242
2,282
2,116
2,227
2,184
2,137
2,267
2,106
2,74
3,2
3,228
3,223
3,159
3,103
3,259
3,146
3,112
3,200
3,8
3,220
3,229
3,147
3,271
3,17
3,290
3,279
3,125
3,155
3,71
3,210
3,55
4,135
4,84
4,145
4,45
4,47
4,265
4,99
4,59
4,103
4,1
4,258
4,281
4,115
4,120
4,238
4,52
4,74
4,162
4,121
4,92
4,118
4,219
4,252
4,156
4,266
5,161
5,17
5,208
5,190
5,175
5,8
5,56
5,197
5,132
5,186
5,32
5,173
5,82
5,167
5,76
5,52
5,57
5,283
5,58
5,1
5,209
6,198
6,209
6,50
6,105
6,291
6,189
6,237
6,87
6,77
6,120
6,102
6,299
6,248
6,196
6,83
6,52
6,147
6,94
6,244
6,107
6,269
6,235
6,298
6,72
7,55
7,99
7,151
7,9
7,197
7,77
7,140
7,107
7,282
7,253
7,43
7,182
7,10
7,102
7,170
7,13
7,220
7,148
7,219
7,57
7,48
8,31
8,245
8,171
8,238
8,70
8,229
8,10
8,29
8,19
8,246
8,169
8,237
8,138
9,184
9,285
9,178
9,290
9,267
9,93
9,145
9,5
9,69
9,42
9,125
9,231
9,37
9,110
9,205
9,189
9,219
9,1
10,206
10,59
10,30
10,111
10,269
10,98
10,288
10,12
10,4
10,27
10,247
10,106
10,256
10,264
10,133
10,92
10,186
10,36
10,300
10,219
10,16
10,50
10,58
10,37
10,83
10,136
10,274
11,143
11,211
11,196
11,70
11,125
11,213
11,84
11,247
11,193
11,264
11,202
11,152
11,253
11,1
11,179
11,246
11,114
11,86
11,141
11,190
11,280
11,229
11,284
11,256
11,128
11,43
11,98
11,122
12,164
12,207
12,47
12,244
12,212
12,124
12,74
12,2
12,103
12,102
12,185
12,145
12,48
12,174
12,23
12,157
12,184
12,205
12,201
12,101
13,98
13,70
13,46
13,188
13,90
13,53
13,227
13,170
13,249
13,116
13,255
13,277
13,291
13,88
13,250
13,193
13,20
13,260
13,71
13,92
13,38
14,194
14,187
14,58
14,103
14,27
14,281
14,53
14,197
14,118
14,190
14,181
14,240
14,136
14,49
14,163
14,34
14,8
14,54
15,69
15,296
15,117
15,245
15,271
15,169
15,299
15,135
15,126
15,30
15,12
15,297
15,274
15,267
15,143
15,54
15,230
15,261
15,270
15,269
15,80
16,247
16,125
16,223
16,83
16,203
16,147
16,94
16,149
16,199
16,126
16,102
16,100
16,109
16,114
16,99
16,248
16,70
16,266
16,78
16,16
17,251
17,115
17,207
17,91
17,172
17,178
17,33
17,54
17,298
17,254
17,205
17,106
17,169
17,128
17,41
17,173
17,279
17,283
17,294
17,227
17,81
17,197
17,189
17,223
18,287
18,49
18,176
18,38
18,240
18,75
18,152
18,12
18,164
18,257
18,140
18,247
18,169
18,62
18,55
18,28
18,168
19,53
19,197
19,39
19,273
19,149
19,166
19,57
19,158
19,199
19,148
19,34
19,251
19,135
19,222
19,228
19,115
19,20
19,91
19,213
19,279
19,252
19,283
19,300
20,247
20,193
20,254
20,98
20,67
20,242
20,273
20,80
20,60
20,222
20,173
20,243
20,143
20,200
20,126
20,129
20,128
20,64
20,194
20,198
20,65
21,64
21,71
21,257
21,228
21,293
21,108
21,184
21,85
21,147
21,80
21,157
21,234
21,128
21,190
21,218
21,150
21,283
21,290
21,199
21,207
21,201
21,43
21,95
21,61
22,180
22,234
22,141
22,55
22,136
22,66
22,108
22,72
22,100
22,5
22,223
22,176
22,211
22,208
22,256
22,294
22,101
23,69
23,118
23,195
23,47
23,245
23,294
23,30
23,183
23,14
23,94
23,271
23,187
23,216
23,178
23,135
23,230
23,192
23,71
23,284
23,240
23,27
24,214
24,163
24,158
24,269
24,135
24,51
24,216
24,17
24,144
24,284
24,263
24,61
24,202
24,155
24,19
24,107
24,31
24,29
24,133
24,209
24,198
24,94
24,190
24,281
24,215
25,37
25,229
25,64
25,278
25,227
25,149
25,46
25,5
25,296
25,193
25,78
25,171
25,247
25,175
25,107
25,300
25,290
25,245
25,62
25,174
25,152
25,251
25,266
25,96
25,225
25,286
26,214
26,203
26,62
26,30
26,280
26,17
26,213
26,119
26,58
26,166
26,95
26,144
26,124
26,295
26,10
26,210
26,26
26,267
26,262
26,43
26,109
26,69
26,64
26,130
26,246
26,108
26,261
27,145
27,79
27,74
27,204
27,192
27,264
27,274
27,175
27,113
27,9
27,219
27,186
27,114
27,101
27,298
27,230
27,159
27,243
27,63
27,88
27,182
27,167
27,47
27,245
28,156
28,260
28,50
28,265
28,70
28,103
28,206
28,207
28,106
28,44
28,261
28,76
28,170
28,30
28,151
28,79
28,16
28,152
28,285
28,254
28,300
28,178
28,165
28,274
28,96
28,222
28,19
28,56
28,7
28,214
28,215
29,134
29,24
29,102
29,99
29,33
29,71
29,265
29,173
29,246
29,125
29,285
29,27
29,224
29,257
29,241
29,88
29,109
29,140
30,199
30,166
30,99
30,16
30,242
30,272
30,212
30,73
30,285
30,183
30,191
30,155
30,258
30,96
30,202
30,157
30,80
30,64
30,131
31,249
31,213
31,113
31,155
31,148
31,209
31,207
31,228
31,216
31,234
31,168
31,164
31,250
31,104
31,294
31,205
31,6
32,145
32,272
32,161
32,199
32,243
32,146
32,201
32,95
32,57
32,211
32,276
32,187
32,271
32,151
32,106
32,48
32,66
33,72
33,11
33,196
33,178
33,268
33,157
33,265
33,22
33,179
33,25
33,8
33,156
33,147
33,38
33,184
33,48
33,65
33,122
33,229
33,17
33,286
34,248
34,48
34,146
34,108
34,193
34,182
34,286
34,50
34,171
34,228
34,9
34,246
34,264
34,262
34,250
34,226
34,46
34,233
34,145
34,15
34,300
34,70
34,255
34,269
34,51
34,268
34,42
35,30
35,90
35,298
35,24
35,268
35,153
35,125
35,207
35,236
35,150
35,163
35,130
35,226
35,148
35,243
35,133
35,220
35,64
35,32
35,233
35,293
35,36
35,154
36,125
36,105
36,231
36,15
36,154
36,95
36,165
36,113
36,164
36,196
36,52
36,40
36,261
36,62
36,156
36,140
36,146
36,290
36,66
36,252
36,162
36,267
36,21
36,294
36,106
36,277
36,28
37,70
37,62
37,194
37,208
37,60
37,72
37,288
37,202
37,118
37,233
37,129
37,68
37,73
37,185
37,124
37,279
37,155
37,47
37,28
37,53
37,252
38,189
38,166
38,152
38,290
38,91
38,156
38,258
38,158
38,288
38,20
38,121
38,36
38,4
38,214
38,238
38,2
38,61
38,230
38,220
38,167
38,184
38,86
39,291
39,243
39,57
39,167
39,112
39,160
39,274
39,289
39,269
39,125
39,22
39,215
39,37
39,109
39,64
39,204
39,268
39,153
39,151
39,136
39,257
40,37
40,219
40,25
40,62
40,83
40,196
40,271
40,40
40,146
40,238
40,65
40,204
40,261
40,214
40,180
40,78
40,52
40,113
40,12
40,95
40,278
40,2
40,221
40,16
40,110
41,5
41,235
41,238
41,17
41,40
41,265
41,117
41,253
41,3
41,200
41,186
41,42
41,71
41,129
41,20
41,226
42,55
42,264
42,50
42,212
42,22
42,217
42,228
42,234
42,257
42,123
42,300
42,100
42,8
42,15
42,63
42,187
42,11
42,231
42,236
42,81
42,168
42,116
42,166
42,196
42,69
42,153
42,254
42,274
43,216
43,284
43,224
43,130
43,200
43,154
43,10
43,39
43,187
43,153
43,33
43,44
43,257
43,138
43,279
43,217
43,135
43,176
43,6
43,161
44,171
44,269
44,81
44,151
44,56
44,102
44,48
44,34
44,28
44,54
44,114
44,274
44,195
44,251
44,299
44,289
44,244
44,18
44,35
44,126
44,210
45,238
45,87
45,41
45,125
45,220
45,126
45,97
45,53
45,77
45,32
45,145
45,119
45,146
45,18
45,162
45,3
45,242
45,121
45,212
45,254
45,128
45,191
45,183
45,16
45,253
45,257
46,98
46,257
46,91
46,276
46,175
46,118
46,272
46,4
46,77
46,234
46,145
46,195
46,259
46,140
46,288
46,220
46,189
46,151
46,273
47,135
47,97
47,264
47,61
47,239
47,51
47,237
47,152
47,192
47,222
47,87
47,57
47,233
47,141
47,145
47,252
47,245
47,212
47,42
47,12
47,196
47,280
47,46
47,235
47,297
47,191
48,273
48,70
48,220
48,107
48,126
48,297
48,9
48,201
48,123
48,163
48,35
48,20
48,86
48,281
48,207
48,1
48,65
48,279
48,280
48,91
48,260
48,24
48,261
48,251
48,62
48,115
48,46
48,142
48,282
49,108
49,56
49,293
49,209
49,215
49,105
49,212
49,158
49,287
49,273
49,271
49,8
49,269
49,70
49,120
49,258
49,154
49,37
49,255
49,32
49,134
49,166
49,9
49,24
49,11
49,260
49,28
50,280
50,26
50,200
50,158
50,132
50,37
50,202
50,49
50,135
50,279
50,245
50,155
50,232
50,129
50,128
50,215
50,130
50,87
51,275
51,124
51,135
51,239
51,262
51,4
51,251
51,224
51,255
51,195
51,232
51,178
51,298
51,287
51,173
51,71
51,179
51,281
51,166
51,277
51,165
51,300
52,39
52,127
52,112
52,272
52,284
52,73
52,140
52,41
52,99
52,237
52,109
52,278
52,217
52,34
52,91
52,126
52,22
52,61
52,124
52,179
52,23
52,292
53,130
53,192
53,51
53,254
53,300
53,100
53,250
53,9
53,47
53,168
53,263
53,120
53,73
53,10
53,29
53,253
53,162
53,86
53,242
53,37
53,268
53,98
53,148
53,54
53,147
53,43
53,78
53,31
53,232
54,289
54,19
54,150
54,228
54,274
54,75
54,40
54,295
54,163
54,60
54,22
54,170
54,42
54,279
54,133
54,183
54,189
54,196
54,204
54,35
55,294
55,174
55,139
55,217
55,161
55,95
55,126
55,25
55,228
55,300
55,272
55,46
55,239
55,204
55,48
55,147
55,114
55,42
56,233
56,236
56,243
56,209
56,12
56,171
56,235
56,257
56,106
56,150
56,152
56,95
56,270
56,158
56,26
56,15
56,73
56,57
56,285
56,193
56,39
56,1
56,130
56,22
56,30
56,286
56,82
56,174
56,197
56,100
57,47
57,51
57,264
57,263
57,300
57,175
57,54
57,77
57,139
57,126
57,63
57,245
57,269
57,14
57,132
57,270
57,38
58,64
58,251
58,245
58,165
58,195
58,279
58,258
58,5
58,34
58,188
58,161
58,282
58,27
58,125
58,253
58,21
58,54
58,38
58,293
58,208
58,265
58,84
58,299
58,103
59,124
59,6
59,270
59,122
59,8
59,237
59,245
59,273
59,217
59,109
59,294
59,200
59,154
59,293
59,196
59,254
59,106
59,170
59,111
59,187
59,100
59,194
59,4
59,174
59,204
59,140
59,246
59,207
60,72
60,175
60,90
60,44
60,14
60,7
60,218
60,109
60,32
60,67
60,195
60,136
60,56
60,265
60,23
60,131
60,182
61,153
61,49
61,191
61,45
61,253
61,22
61,108
61,134
61,168
61,285
61,300
61,220
61,82
61,68
61,175
61,250
61,6
61,201
61,36
61,165
62,103
62,96
62,30
62,245
62,142
62,9
62,72
62,228
62,192
62,146
62,85
62,100
62,225
62,162
62,159
62,279
62,154
62,157
62,217
62,152
62,6
62,231
62,117
62,73
62,196
63,28
63,39
63,57
63,193
63,182
63,165
63,67
63,181
63,208
63,41
63,100
63,31
63,194
63,102
63,288
63,103
63,276
63,160
64,10
64,234
64,52
64,83
64,273
64,247
64,240
64,41
64,109
64,161
64,7
64,71
64,156
64,182
64,228
64,199
64,26
64,249
64,90
64,278
64,264
64,270
64,86
64,209
64,65
64,140
65,64
65,10
65,38
65,132
65,121
65,206
65,113
65,11
65,207
65,142
65,3
65,208
65,233
65,33
65,183
65,234
65,94
65,255
65,19
65,25
65,268
66,4
66,115
66,75
66,38
66,9
66,269
66,188
66,12
66,6
66,266
66,208
66,35
66,39
66,241
66,148
66,182
66,32
66,19
66,25
66,101
66,144
67,94
67,293
67,116
67,120
67,41
67,26
67,128
67,171
67,274
67,2
67,273
67,248
67,233
67,144
67,177
67,80
67,149
67,18
67,16
67,218
67,140
67,124
67,34
68,287
68,46
68,182
68,133
68,15
68,226
68,295
68,120
68,73
68,285
68,104
68,45
68,215
68,145
68,267
68,116
68,136
68,219
68,201
68,67
69,212
69,117
69,275
69,15
69,119
69,161
69,217
69,55
69,283
69,77
69,169
69,68
69,3
69,79
69,299
69,207
69,74
70,216
70,239
70,95
70,132
70,260
70,250
70,124
70,28
70,234
70,120
70,45
70,300
70,236
71,19
71,20
71,292
71,138
71,166
71,10
71,106
71,26
71,82
71,159
71,169
71,194
71,208
71,92
71,257
71,87
71,193
71,114
71,152
71,267
71,9
72,275
72,190
72,284
72,31
72,267
72,20
72,248
72,266
72,137
72,102
72,235
72,38
72,135
72,171
72,5
72,27
72,72
72,185
72,210
72,281
73,265
73,277
73,128
73,182
73,200
73,112
73,80
73,120
73,293
73,212
73,141
73,184
73,85
74,178
74,56
74,206
74,237
74,33
74,6
74,71
74,153
74,149
74,261
74,189
74,109
74,17
74,48
74,180
74,147
74,60
74,255
74,241
74,248
74,13
74,204
74,70
74,95
75,88
75,143
75,145
75,110
75,85
75,252
75,184
75,272
75,22
75,46
75,116
75,121
75,144
75,98
75,4
75,222
75,43
75,142
75,265
75,282
75,15
75,48
76,87
76,66
76,278
76,79
76,54
76,159
76,188
76,70
76,213
76,16
76,230
76,45
76,146
76,125
76,176
76,295
76,47
76,299
76,248
76,160
76,187
76,114
76,281
76,31
76,14
76,26
76,69
76,3
76,63
76,150
77,8
77,79
77,118
77,38
77,243
77,87
77,5
77,290
77,270
77,34
77,219
77,226
77,44
77,73
77,271
77,131
77,200
77,150
77,82
77,2
77,3
77,157
77,162
77,97
78,222
78,100
78,168
78,260
78,144
78,151
78,253
78,37
78,215
78,138
78,9
78,244
78,19
78,238
78,170
78,191
78,102
78,225
79,193
79,224
79,279
79,41
79,190
79,86
79,109
79,283
79,268
79,278
79,126
79,166
79,111
79,91
79,133
79,157
79,98
79,234
79,284
79,237
80,98
80,53
80,251
80,87
80,212
80,242
80,237
80,189
80,192
80,202
80,205
80,166
80,219
80,229
81,63
81,271
81,247
81,139
81,39
81,167
81,67
81,199
81,174
81,100
81,177
81,180
81,22
81,87
81,47
81,62
81,79
81,278
81,165
81,21
81,210
81,101
81,92
81,183
81,262
81,11
81,264
82,75
82,100
82,60
82,51
82,277
82,95
82,69
82,292
82,77
82,275
82,284
82,203
82,185
82,96
82,181
82,17
82,223
82,166
82,177
82,8
83,34
83,67
83,27
83,259
83,231
83,8
83,191
83,273
83,284
83,36
83,43
83,101
83,122
83,190
83,222
83,296
83,192
83,240
83,38
83,286
83,23
84,108
84,87
84,76
84,159
84,246
84,1
84,240
84,153
84,131
84,157
84,216
84,258
84,231
84,111
84,7
84,130
84,200
84,283
84,211
84,120
84,126
84,252
84,128
84,180
84,245
85,229
85,165
85,189
85,279
85,203
85,94
85,259
85,42
85,246
85,17
85,295
85,111
85,192
85,25
85,54
85,44
85,176
86,176
86,105
86,6
86,196
86,169
86,116
86,50
86,226
86,68
86,300
86,5
86,199
86,83
86,247
86,255
86,285
86,236
86,17
86,182
86,172
86,248
86,48
86,286
86,52
86,125
86,16
86,53
86,107
86,233
86,158
87,285
87,255
87,253
87,193
87,269
87,151
87,73
87,30
87,197
87,22
87,162
87,15
87,187
87,241
87,16
87,32
87,204
87,36
87,203
87,80
87,201
87,19
87,7
87,183
87,59
88,254
88,85
88,104
88,159
88,128
88,189
88,8
88,32
88,66
88,21
88,141
88,245
88,165
88,190
88,258
88,6
88,136
88,249
88,211
88,83
88,55
88,217
88,34
89,186
89,7
89,293
89,49
89,249
89,2
89,90
89,170
89,129
89,285
89,226
89,45
89,264
89,201
89,205
89,256
89,74
89,289
90,38
90,78
90,217
90,146
90,87
90,132
90,60
90,100
90,92
90,298
90,89
90,221
90,68
90,91
90,46
90,187
90,144
90,51
90,230
90,124
90,164
90,215
90,106
90,70
90,15
90,189
90,213
90,216
90,299
90,254
91,8
91,211
91,263
91,57
91,68
91,10
91,42
91,101
91,81
91,245
91,67
91,118
91,136
91,181
91,238
91,145
91,173
91,75
91,199
91,290
92,18
92,114
92,16
92,181
92,53
92,146
92,202
92,111
92,297
92,231
92,253
92,186
92,13
92,258
92,27
92,94
92,118
93,153
93,211
93,31
93,294
93,244
93,176
93,84
93,23
93,108
93,77
93,115
93,228
93,123
93,285
93,266
93,191
93,80
93,180
93,199
93,112
93,185
93,197
93,142
93,192
93,70
93,116
94,168
94,68
94,163
94,144
94,121
94,80
94,108
94,297
94,211
94,288
94,231
94,201
94,293
94,173
94,254
94,185
94,39
94,88
94,175
94,48
94,70
94,93
94,277
94,270
95,292
95,266
95,293
95,199
95,160
95,229
95,174
95,195
95,40
95,137
95,188
95,90
95,288
95,183
95,1
95,165
95,139
95,189
95,182
95,129
95,179
95,22
95,267
95,57
96,4
96,210
96,178
96,8
96,254
96,219
96,142
96,58
96,89
96,188
96,164
96,55
96,295
96,229
96,215
97,6
97,268
97,163
97,154
97,26
97,276
97,296
97,127
97,224
97,183
97,62
97,134
97,142
97,257
97,205
97,179
97,215
97,217
97,177
97,34
97,70
97,37
97,42
98,163
98,65
98,202
98,8
98,141
98,160
98,198
98,92
98,214
98,143
98,140
98,21
98,148
98,34
98,261
98,127
98,2
98,31
98,209
98,165
98,253
98,71
98,121
98,177
98,168
98,86
99,2
99,149
99,256
99,194
99,271
99,229
99,236
99,276
99,124
99,60
99,157
99,42
99,8
99,105
99,53
99,261
99,257
99,7
99,55
99,19
100,182
100,126
100,70
100,286
100,300
100,200
100,271
100,134
100,4
100,217
100,90
100,193
100,206
100,167
100,79
100,42
100,175
100,100
100,93
100,223
100,221
100,131
101,107
101,200
101,268
101,262
101,32
101,59
101,41
101,73
101,53
101,166
101,233
101,163
101,287
101,252
101,273
101,276
101,152
101,169
101,135
101,19
101,261
101,138
102,148
102,48
102,59
102,221
102,53
102,288
102,224
102,82
102,87
102,300
102,60
102,37
102,49
102,18
102,154
102,209
102,256
102,33
102,197
102,8
102,152
102,177
102,20
102,210
102,73
103,249
103,227
103,61
103,91
103,185
103,166
103,6
103,254
103,2
103,103
103,148
103,143
103,204
103,54
103,173
103,7
103,286
103,122
104,40
104,118
104,134
104,202
104,234
104,160
104,128
104,120
104,21
104,3
104,219
104,250
104,92
104,263
104,265
104,245
104,253
104,155
104,205
104,212
104,60
104,148
104,288
104,123
105,36
105,92
105,106
105,111
105,270
105,109
105,69
105,3
105,181
105,205
105,184
105,88
105,133
105,56
105,114
105,231
105,146
105,100
105,235
105,240
105,193
105,194
105,49
105,37
105,5
106,144
106,272
106,103
106,283
106,129
106,209
106,53
106,188
106,163
106,85
106,81
106,284
106,264
106,162
106,248
106,265
106,102
106,225
106,49
106,77
106,194
106,286
107,8
107,139
107,235
107,188
107,34
107,110
107,36
107,298
107,88
107,143
107,174
107,151
107,290
107,148
107,227
107,191
107,207
107,262
107,279
107,119
107,269
108,299
108,227
108,62
108,289
108,57
108,253
108,76
108,127
108,130
108,204
108,65
108,108
108,122
108,260
108,224
108,176
108,236
108,101
108,70
108,212
108,270
108,16
109,164
109,253
109,137
109,68
109,173
109,76
109,244
109,276
109,3
109,134
109,163
109,190
109,62
109,9
109,265
109,210
109,57
109,133
110,286
110,214
110,87
110,198
110,13
110,188
110,79
110,99
110,174
110,233
110,36
110,178
110,272
110,98
110,137
110,121
110,274
110,244
110,273
110,154
110,185
110,242
111,129
111,99
111,122
111,192
111,130
111,92
111,3
111,135
111,186
111,97
111,46
111,126
111,280
111,253
111,119
111,274
111,275
111,298
111,176
111,175
111,116
111,15
111,63
112,48
112,126
112,169
112,185
112,183
112,195
112,154
112,122
112,231
112,220
112,239
112,50
112,287
112,236
112,210
112,171
112,249
112,132
112,64
112,104
112,71
112,63
112,93
113,37
113,79
113,31
113,100
113,10
113,147
113,38
113,256
113,285
113,233
113,294
113,188
113,219
113,25
113,137
113,268
113,132
113,238
113,98
113,243
113,157
113,115
114,7
114,57
114,248
114,1
114,34
114,44
114,295
114,38
114,87
114,141
114,73
114,202
114,81
114,50
114,84
114,56
114,234
114,134
114,123
114,298
114,212
114,129
114,265
115,222
115,151
115,154
115,282
115,169
115,136
115,276
115,209
115,87
115,279
115,184
115,13
115,254
115,195
115,20
115,200
115,288
115,233
115,22
115,143
115,294
115,31
115,178
115,181
115,55
115,81
115,267
115,277
116,169
116,266
116,290
116,229
116,278
116,80
116,170
116,89
116,173
116,59
116,39
116,213
116,273
116,108
116,261
116,7
116,66
116,18
116,168
116,214
116,148
116,14
116,68
116,206
116,233
116,78
116,189
116,119
117,24
117,6
117,121
117,21
117,7
117,23
117,189
117,15
117,37
117,201
117,53
117,300
117,54
117,240
117,133
117,42
117,159
117,11
117,293
117,74
117,179
117,4
117,291
117,203
117,249
117,41
117,219
117,9
118,32
118,215
118,170
118,222
118,117
118,116
118,39
118,15
118,108
118,169
118,1
118,77
118,232
118,238
118,145
118,198
118,217
118,271
118,70
118,223
118,290
118,5
119,231
119,249
119,257
119,188
119,136
119,281
119,51
119,278
119,263
119,50
119,187
119,126
119,132
119,112
119,163
119,81
119,184
119,154
119,69
119,31
120,22
120,74
120,197
120,73
120,241
120,145
120,50
120,86
120,165
120,4
120,51
120,238
120,42
120,80
120,141
120,271
120,228
120,17
120,277
120,3
120,173
121,182
121,209
121,142
121,80
121,166
121,192
121,118
121,165
121,214
121,274
121,250
121,126
121,54
121,184
121,51
121,16
121,93
121,183
121,43
121,273
121,189
121,134
121,129
122,27
122,239
122,97
122,232
122,104
122,28
122,30
122,169
122,202
122,176
122,292
122,281
122,56
122,35
122,43
122,275
122,85
122,90
122,144
122,88
122,276
122,233
122,46
122,212
122,238
122,264
122,286
122,32
123,124
123,218
123,136
123,18
123,53
123,146
123,22
123,113
123,165
123,266
123,279
123,117
123,263
123,258
123,239
123,210
123,156
124,1
124,145
124,110
124,112
124,227
124,236
124,62
124,194
124,75
124,252
124,164
124,208
124,9
124,61
124,124
124,125
124,81
124,118
124,149
124,119
124,86
124,259
124,206
124,287
124,69
125,96
125,15
125,70
125,49
125,10
125,154
125,46
125,273
125,61
125,113
125,45
125,104
125,208
125,56
125,204
125,211
125,252
125,64
125,183
125,286
125,158
125,156
125,58
125,264
125,76
125,72
125,181
125,235
125,90
126,34
126,4
126,247
126,104
126,105
126,2
126,261
126,220
126,163
126,221
126,112
126,286
126,111
126,253
126,175
126,176
126,214
126,21
126,224
126,166
126,81
127,160
127,66
127,50
127,259
127,223
127,267
127,21
127,32
127,40
127,290
127,241
127,191
127,167
127,72
127,68
127,278
127,16
127,69
127,88
127,166
127,183
128,74
128,32
128,22
128,269
128,298
128,117
128,21
128,170
128,208
128,101
128,136
128,15
128,169
128,106
128,223
128,159
128,17
129,248
129,270
129,271
129,241
129,182
129,117
129,131
129,105
129,69
129,150
129,101
129,35
129,90
129,42
129,142
129,57
129,233
129,41
129,257
129,298
130,188
130,21
130,287
130,203
130,99
130,165
130,216
130,197
130,164
130,151
130,150
130,257
130,249
130,104
130,119
130,211
130,162
130,52
131,23
131,288
131,155
131,237
131,107
131,141
131,198
131,153
131,287
131,99
131,68
131,229
131,124
131,181
131,54
131,81
131,165
131,195
131,273
131,38
131,112
131,277
131,297
131,74
131,160
131,267
132,7
132,207
132,71
132,88
132,241
132,201
132,95
132,103
132,13
132,35
132,246
132,2
132,16
132,172
132,177
132,205
132,181
132,274
132,280
132,287
132,89
132,76
132,10
133,27
133,231
133,99
133,173
133,130
133,72
133,96
133,276
133,234
133,93
133,266
133,30
133,63
133,221
133,24
133,272
133,207
133,34
133,134
133,250
133,41
133,67
133,127
133,183
134,289
134,263
134,157
134,148
134,232
134,26
134,21
134,30
134,267
134,294
134,266
134,243
134,175
134,231
134,95
134,162
134,41
135,126
135,122
135,221
135,55
135,157
135,256
135,293
135,1
135,205
135,156
135,148
135,243
135,123
135,145
135,214
135,222
135,270
135,265
135,30
135,116
136,270
136,48
136,8
136,234
136,247
136,192
136,134
136,50
136,241
136,167
136,58
136,41
136,109
136,18
136,228
136,289
136,92
136,87
136,172
136,147
136,122
136,104
136,280
136,152
136,13
136,43
136,117
136,76
136,290
137,141
137,117
137,233
137,54
137,24
137,78
137,122
137,178
137,47
137,216
137,142
137,65
137,111
137,148
137,240
137,45
137,189
137,300
137,221
137,239
137,36
137,257
138,125
138,106
138,137
138,197
138,52
138,206
138,254
138,87
138,248
138,250
138,57
138,169
138,111
138,290
138,62
138,220
138,141
138,146
138,30
138,266
139,210
139,286
139,276
139,4
139,206
139,203
139,181
139,15
139,64
139,233
139,211
139,157
139,16
139,115
139,90
139,258
139,112
139,37
139,38
139,76
140,43
140,73
140,100
140,71
140,223
140,135
140,253
140,27
140,96
140,277
140,38
140,25
140,204
140,57
140,152
140,272
140,199
140,234
140,14
140,258
141,214
141,90
141,25
141,283
141,118
141,185
141,16
141,190
141,70
141,299
141,241
141,242
141,52
141,247
141,280
141,86
141,223
141,217
141,226
141,230
141,100
141,216
141,18
141,72
141,222
141,28
141,114
141,129
141,240
142,239
142,167
142,193
142,46
142,240
142,288
142,298
142,208
142,75
142,119
142,278
142,72
142,139
142,54
142,274
142,242
142,297
142,74
142,255
142,252
142,247
142,256
142,213
142,259
142,28
142,162
142,277
142,161
142,266
143,221
143,176
143,3
143,122
143,36
143,167
143,273
143,30
143,93
143,193
143,199
143,85
143,154
143,48
143,131
143,120
143,191
143,97
143,280
143,95
143,71
143,209
143,59
143,73
144,31
144,173
144,71
144,286
144,70
144,263
144,126
144,183
144,72
144,216
144,213
144,97
144,224
144,234
144,206
144,195
144,9
144,59
144,277
144,256
144,290
144,53
144,24
144,114
144,88
144,232
144,83
145,52
145,163
145,39
145,162
145,50
145,68
145,166
145,114
145,251
145,263
145,35
145,179
145,17
145,83
145,189
145,12
145,234
145,124
145,80
145,259
145,96
145,54
145,167
146,243
146,39
146,250
146,183
146,248
146,252
146,216
146,75
146,187
146,231
146,196
146,77
146,42
146,80
146,59
146,191
146,5
146,92
147,127
147,164
147,253
147,145
147,141
147,226
147,183
147,38
147,33
147,4
147,171
147,196
147,136
147,130
147,265
147,132
147,50
147,75
147,31
148,24
148,260
148,253
148,80
148,294
148,28
148,97
148,229
148,278
148,156
148,276
148,157
148,94
148,159
148,35
148,173
148,170
148,163
148,52
148,95
148,219
148,53
148,279
148,124
148,220
148,45
149,256
149,48
149,166
149,22
149,103
149,260
149,51
149,175
149,121
149,278
149,173
149,288
149,183
149,170
149,123
149,66
149,46
149,229
149,120
149,174
149,172
149,152
150,173
150,102
150,293
150,271
150,139
150,63
150,241
150,202
150,3
150,298
150,278
150,270
150,280
150,224
150,89
150,92
150,18
150,136
150,250
150,291
150,203
150,273
150,263
150,222
150,218
150,191
150,242
151,146
151,289
151,251
151,110
151,46
151,37
151,100
151,35
151,258
151,125
151,147
151,168
151,64
151,130
151,163
152,289
152,206
152,241
152,207
152,193
152,96
152,195
152,106
152,29
152,225
152,279
152,35
152,273
152,4
152,143
152,141
152,287
152,11
152,223
153,263
153,45
153,192
153,242
153,33
153,102
153,76
153,221
153,144
153,25
153,78
153,168
153,35
153,97
153,108
153,276
153,294
153,279
153,90
153,146
153,181
153,195
153,32
153,138
153,163
154,99
154,61
154,58
154,97
154,177
154,9
154,78
154,96
154,200
154,57
154,38
154,157
154,291
154,144
154,299
154,254
154,67
154,239
154,175
154,192
154,149
154,297
154,80
154,121
154,171
155,196
155,233
155,228
155,162
155,78
155,212
155,271
155,41
155,37
155,170
155,156
155,220
155,177
155,234
155,107
155,202
155,208
155,263
155,223
155,151
155,214
155,259
155,23
155,195
155,160
156,279
156,29
156,62
156,197
156,225
156,64
156,110
156,255
156,164
156,108
156,298
156,128
156,102
156,192
156,273
156,107
156,17
156,99
156,154
156,79
156,142
156,207
156,274
156,215
156,271
156,63
156,76
156,55
156,168
156,190
156,250
156,186
156,44
156,193
156,176
156,7
156,169
156,238
156,106
156,285
156,73
156,112
156,153
156,14
157,108
157,124
157,163
157,130
157,266
157,167
157,54
157,115
157,203
157,240
157,186
157,133
157,85
157,110
157,261
157,53
157,8
157,52
157,44
157,106
157,300
157,194
158,268
158,158
158,276
158,244
158,133
158,171
158,220
158,23
158,256
158,110
158,15
158,25
158,190
158,45
158,226
158,95
158,108
159,242
159,238
159,228
159,237
159,150
159,257
159,154
159,248
159,231
159,76
159,34
159,83
159,185
159,130
159,64
159,137
159,243
159,60
159,275
159,251
159,222
160,41
160,213
160,25
160,238
160,211
160,157
160,103
160,65
160,127
160,173
160,149
160,261
160,140
160,72
160,249
160,202
160,11
160,299
160,59
160,153
160,151
161,34
161,64
161,91
161,30
161,116
161,46
161,222
161,144
161,93
161,182
161,60
161,103
161,117
161,72
161,140
161,122
161,4
161,181
161,177
162,206
162,72
162,144
162,108
162,225
162,115
162,270
162,268
162,38
162,12
162,217
162,85
162,237
162,116
162,114
162,229
162,77
162,43
162,8
162,156
162,93
162,263
162,260
162,221
162,280
162,24
162,120
162,250
163,6
163,36
163,214
163,292
163,16
163,226
163,134
163,122
163,140
163,131
163,264
163,287
163,229
163,266
163,272
163,205
163,200
163,157
163,80
163,12
163,139
163,57
163,225
163,27
163,11
163,5
164,231
164,171
164,90
164,151
164,68
164,133
164,41
164,157
164,249
164,38
164,182
164,241
164,272
164,211
164,16
164,17
164,109
164,103
164,154
164,108
164,62
164,162
164,221
164,40
164,72
164,80
164,33
164,298
165,132
165,164
165,90
165,281
165,229
165,225
165,13
165,111
165,289
165,257
165,234
165,106
165,175
165,208
165,255
165,99
165,222
165,23
165,189
165,243
166,40
166,23
166,236
166,102
166,241
166,27
166,31
166,179
166,203
166,16
166,146
166,139
166,271
166,162
166,270
166,118
166,178
166,278
167,55
167,3
167,251
167,297
167,125
167,22
167,256
167,25
167,15
167,129
167,216
167,33
167,242
167,245
167,23
167,240
167,139
167,36
168,222
168,8
168,99
168,292
168,228
168,69
168,168
168,125
168,169
168,97
168,153
168,181
168,230
168,210
168,266
168,299
168,246
168,274
168,201
168,46
168,34
168,65
169,294
169,10
169,80
169,89
169,212
169,22
169,274
169,162
169,247
169,113
169,223
169,238
169,160
169,51
169,75
169,21
169,3
169,137
169,101
169,148
169,194
170,90
170,268
170,239
170,69
170,286
170,94
170,273
170,186
170,93
170,79
170,139
170,23
170,126
170,178
170,215
170,190
171,176
171,49
171,37
171,67
171,145
171,11
171,245
171,50
171,34
171,271
171,123
171,151
171,135
171,45
171,218
171,62
171,28
171,272
172,179
172,97
172,245
172,276
172,163
172,211
172,25
172,150
172,196
172,52
172,295
172,248
172,238
172,286
172,220
172,62
172,166
172,74
172,296
172,193
172,298
172,28
173,85
173,251
173,93
173,207
173,82
173,189
173,60
173,81
173,229
173,239
173,115
173,154
173,95
173,118
173,147
173,178
174,117
174,274
174,195
174,11
174,270
174,14
174,138
174,183
174,40
174,94
174,98
174,281
174,21
174,200
174,187
174,254
175,248
175,24
175,191
175,123
175,228
175,116
175,117
175,163
175,69
175,28
175,290
175,166
175,31
175,245
175,225
175,135
175,106
175,254
175,176
175,216
176,4
176,154
176,232
176,108
176,295
176,33
176,205
176,85
176,162
176,120
176,221
176,79
176,267
176,294
176,144
176,125
176,61
176,17
176,119
176,157
176,282
176,97
176,195
177,194
177,253
177,143
177,130
177,54
177,122
177,215
177,15
177,291
177,280
177,58
177,111
177,184
177,66
177,52
178,240
178,210
178,206
178,99
178,256
178,74
178,192
178,154
178,111
178,70
178,209
178,77
178,270
178,213
178,71
178,160
178,11
178,283
178,236
178,290
178,242
178,200
178,227
178,138
178,75
178,239
178,277
178,205
179,148
179,75
179,36
179,159
179,72
179,31
179,42
179,252
179,147
179,235
179,123
179,242
179,135
179,171
180,135
180,185
180,243
180,44
180,36
180,273
180,5
180,82
180,152
180,222
180,131
180,38
180,257
180,211
180,244
180,120
180,253
180,125
180,291
180,267
180,167
180,197
180,20
180,216
180,256
181,135
181,149
181,102
181,247
181,298
181,23
181,68
181,50
181,35
181,15
181,96
181,236
181,220
181,112
181,222
181,104
181,124
181,25
181,148
181,165
181,182
181,131
181,230
181,87
181,268
181,97
182,87
182,85
182,176
182,64
182,69
182,199
182,107
182,142
182,96
182,163
182,156
182,211
182,192
182,52
182,123
183,211
183,166
183,36
183,170
183,50
183,161
183,173
183,298
183,231
183,229
183,66
183,28
183,57
183,283
183,1
183,78
183,141
183,282
183,24
183,112
183,34
183,55
183,214
183,207
183,102
184,50
184,6
184,144
184,27
184,9
184,138
184,79
184,260
184,264
184,20
184,60
184,198
184,235
185,1
185,197
185,284
185,83
185,177
185,281
185,215
185,54
185,125
185,207
185,192
185,278
185,34
185,8
185,19
185,201
185,150
185,57
185,55
186,227
186,80
186,73
186,148
186,24
186,63
186,68
186,236
186,186
186,110
186,181
186,116
187,268
187,113
187,210
187,32
187,15
187,12
187,242
187,294
187,52
187,125
187,23
187,225
187,39
187,41
187,53
187,55
187,4
187,45
187,104
187,255
187,166
187,110
187,115
187,192
188,256
188,60
188,44
188,188
188,211
188,167
188,264
188,123
188,88
188,225
188,3
188,118
188,257
188,260
188,132
188,8
188,224
188,243
188,164
188,127
188,113
188,187
188,262
188,2
188,37
188,105
189,259
189,7
189,28
189,30
189,10
189,86
189,126
189,71
189,140
189,25
189,162
189,11
189,121
190,210
190,241
190,225
190,284
190,129
190,190
190,228
190,81
190,184
190,58
190,256
190,261
190,117
190,8
191,21
191,283
191,209
191,210
191,284
191,27
191,246
191,264
191,244
191,64
191,289
191,265
191,26
191,115
191,287
191,175
191,294
191,262
191,169
192,40
192,133
192,148
192,33
192,27
192,154
192,149
192,16
192,296
192,86
192,48
192,203
192,151
192,2
192,233
192,63
192,181
192,147
192,167
192,77
192,24
192,14
192,81
192,139
193,6
193,34
193,116
193,264
193,145
193,121
193,155
193,176
193,249
193,148
193,260
193,237
193,138
193,239
193,64
193,102
193,161
193,141
193,164
193,213
193,63
193,114
193,160
193,149
193,153
194,162
194,292
194,295
194,47
194,114
194,156
194,147
194,274
194,191
194,120
194,179
194,202
194,208
194,296
194,275
194,270
194,158
194,248
194,58
194,279
194,180
194,174
194,237
195,22
195,186
195,41
195,265
195,257
195,289
195,80
195,282
195,93
195,151
195,204
195,166
195,18
195,70
195,115
195,50
195,122
195,294
195,252
195,73
195,165
195,258
195,276
195,61
196,86
196,286
196,112
196,152
196,96
196,15
196,222
196,262
196,69
196,4
197,17
197,270
197,103
197,286
197,25
197,1
197,291
197,79
197,119
197,201
197,192
197,84
197,177
197,57
197,86
197,153
197,235
197,278
197,180
197,289
197,230
198,232
198,219
198,204
198,104
198,229
198,205
198,83
198,141
198,33
198,82
198,209
198,298
198,1
198,212
198,273
198,52
198,215
198,153
198,285
198,26
198,147
199,149
199,214
199,81
199,154
199,230
199,199
199,123
199,223
199,186
199,212
199,150
199,279
199,9
199,57
199,34
199,219
199,222
199,196
199,277
199,147
199,247
199,294
199,218
199,252
199,1
200,52
200,289
200,66
200,11
200,140
200,196
200,9
200,15
200,154
200,231
200,12
200,194
200,264
200,185
200,98
200,129
200,138
200,293
200,236
200,216
200,22
200,102
201,219
201,177
201,84
201,211
201,37
201,233
201,68
201,184
201,90
201,175
201,45
201,25
201,249
201,206
201,231
201,285
201,131
202,127
202,194
202,294
202,182
202,3
202,239
202,66
202,282
202,192
202,163
202,131
202,285
202,130
202,218
202,148
202,135
202,299
202,222
202,17
202,295
202,173
202,115
202,39
202,293
202,181
203,132
203,169
203,299
203,282
203,205
203,253
203,214
203,297
203,198
203,296
203,46
203,183
203,129
203,191
203,209
203,294
203,71
203,152
203,288
203,187
203,270
203,263
203,13
203,241
204,259
204,272
204,150
204,296
204,95
204,261
204,114
204,4
204,81
204,151
204,138
204,226
204,75
204,15
204,14
204,263
204,211
204,48
204,154
204,191
204,188
205,260
205,159
205,292
205,205
205,136
205,39
205,155
205,105
205,70
205,255
205,59
205,69
205,91
205,259
205,122
205,239
205,145
205,293
205,162
205,109
205,124
206,131
206,140
206,50
206,200
206,199
206,257
206,213
206,231
206,138
206,289
206,107
206,118
206,90
206,26
206,62
206,106
206,285
206,33
206,86
206,208
206,42
207,214
207,92
207,200
207,173
207,50
207,188
207,263
207,279
207,262
207,138
207,153
207,42
207,300
208,19
208,57
208,21
208,219
208,36
208,218
208,110
208,120
208,127
208,285
208,133
208,242
208,105
208,178
208,234
208,171
208,89
208,259
208,15
208,45
208,288
209,268
209,4
209,28
209,219
209,297
209,169
209,172
209,151
209,176
209,173
209,17
209,243
209,97
209,85
209,129
209,52
209,209
210,205
210,265
210,69
210,167
210,174
210,144
210,15
210,136
210,30
210,152
210,241
210,31
210,293
210,168
210,276
210,139
210,43
210,193
210,239
210,212
210,72
210,120
211,81
211,125
211,192
211,54
211,26
211,166
211,20
211,278
211,15
211,142
211,82
211,181
211,77
211,110
211,284
211,223
211,120
211,238
212,245
212,95
212,57
212,4
212,215
212,138
212,34
212,61
212,296
212,272
212,25
212,39
212,292
212,161
212,234
212,73
212,15
212,214
212,26
212,289
213,188
213,7
213,260
213,201
213,143
213,30
213,73
213,55
213,198
213,227
213,121
213,8
213,48
213,159
213,186
213,137
213,222
213,130
213,281
213,82
213,242
213,294
214,6
214,192
214,233
214,208
214,245
214,107
214,70
214,96
214,36
214,159
214,173
214,59
214,54
214,35
214,241
214,71
214,178
214,200
214,146
214,205
214,228
214,80
214,31
214,48
214,180
214,151
215,64
215,229
215,183
215,296
215,26
215,279
215,7
215,97
215,12
215,76
215,171
215,179
215,286
215,207
215,103
215,94
215,33
215,66
216,189
216,153
216,198
216,95
216,278
216,129
216,92
216,131
216,77
216,38
216,193
216,268
216,40
216,280
216,260
216,93
217,191
217,187
217,145
217,76
217,198
217,109
217,101
217,188
217,234
217,257
217,14
217,28
217,75
217,133
217,129
217,179
217,121
217,216
217,7
217,199
218,97
218,202
218,153
218,126
218,207
218,109
218,57
218,298
218,1
218,163
219,41
219,10
219,232
219,163
219,24
219,82
219,66
219,30
219,25
219,284
219,244
219,207
219,187
219,166
219,62
219,67
219,162
219,223
219,93
219,160
220,135
220,33
220,291
220,227
220,230
220,49
220,102
220,207
220,284
220,288
220,205
220,185
220,235
220,23
220,86
220,6
220,77
220,213
221,11
221,38
221,117
221,140
221,22
221,283
221,26
221,147
221,24
221,183
221,175
221,256
221,84
221,197
221,39
221,118
221,82
221,87
221,116
221,114
222,237
222,194
222,4
222,134
222,30
222,288
222,17
222,213
222,12
222,15
222,124
222,183
222,117
222,36
222,258
222,269
222,5
222,283
222,85
222,1
222,99
222,159
222,199
222,234
222,150
222,11
222,39
223,295
223,280
223,264
223,189
223,279
223,101
223,160
223,171
223,190
223,118
223,224
223,43
223,56
223,11
223,283
223,34
224,54
224,219
224,183
224,249
224,34
224,256
224,248
224,76
224,164
224,162
224,201
224,85
224,11
224,212
224,178
224,38
224,12
224,221
224,168
224,132
224,215
224,233
224,28
224,238
225,273
225,36
225,53
225,7
225,158
225,202
225,63
225,106
225,128
225,265
225,296
225,287
225,231
225,235
225,262
225,288
225,156
225,300
225,102
225,179
225,134
225,52
225,186
225,92
225,38
225,234
225,72
225,108
225,185
226,148
226,216
226,7
226,201
226,283
226,91
226,228
226,137
226,142
226,17
226,180
226,178
226,292
226,225
226,68
226,52
226,156
226,108
226,256
226,169
226,125
226,24
226,87
227,175
227,19
227,235
227,51
227,85
227,288
227,123
227,232
227,282
227,4
227,224
227,61
227,182
227,247
227,28
227,251
227,160
227,271
227,84
228,265
228,140
228,75
228,192
228,34
228,219
228,161
228,232
228,157
228,29
228,248
228,105
228,24
228,39
228,236
228,264
228,2
228,82
228,153
229,270
229,6
229,104
229,230
229,190
229,232
229,229
229,202
229,36
229,221
229,176
229,298
229,275
229,73
229,75
229,280
229,178
229,58
229,134
229,111
229,161
230,62
230,47
230,52
230,36
230,117
230,26
230,159
230,297
230,80
230,10
230,150
230,137
230,268
230,88
230,195
230,164
231,211
231,181
231,222
231,287
231,33
231,47
231,299
231,71
231,87
231,269
231,237
231,225
231,35
231,265
231,13
231,106
231,273
231,170
231,55
231,289
232,229
232,238
232,179
232,279
232,292
232,3
232,201
232,119
232,215
232,92
232,83
232,11
232,37
232,101
232,290
232,289
232,70
232,219
233,200
233,160
233,170
233,199
233,23
233,152
233,69
233,229
233,28
233,59
233,56
233,77
233,203
234,123
234,193
234,35
234,256
234,221
234,142
234,218
234,28
234,268
234,233
234,225
234,244
234,179
234,242
234,7
234,162
234,83
234,263
234,281
234,258
234,29
234,205
234,185
234,104
235,297
235,132
235,95
235,263
235,39
235,253
235,70
235,112
235,264
235,28
235,294
236,299
236,142
236,227
236,137
236,77
236,97
236,83
236,32
236,90
236,125
236,283
236,210
236,134
236,51
236,111
236,243
236,262
236,251
236,149
236,34
236,49
236,65
236,43
236,294
236,236
236,198
236,128
236,26
236,182
237,98
237,16
237,151
237,244
237,91
237,27
237,88
237,182
237,109
237,69
237,243
237,59
237,173
237,20
237,280
237,26
237,41
237,286
237,116
237,261
237,57
237,137
237,228
237,45
237,58
238,91
238,177
238,273
238,175
238,114
238,261
238,35
238,59
238,39
238,223
238,48
238,176
238,297
238,125
238,88
238,54
238,136
238,198
238,108
238,199
239,293
239,103
239,19
239,252
239,95
239,270
239,5
239,296
239,35
239,265
239,72
239,202
239,93
239,23
239,143
239,48
239,78
239,266
239,253
239,214
239,273
239,134
239,161
239,221
239,274
240,250
240,271
240,270
240,62
240,163
240,16
240,18
240,78
240,171
240,161
240,199
240,272
240,102
240,86
240,79
240,58
240,21
240,17
240,14
240,10
240,256
240,83
240,259
240,297
241,274
241,138
241,224
241,233
241,220
241,123
241,71
241,277
241,106
241,120
241,29
241,103
241,82
241,258
241,102
241,27
241,140
241,73
241,181
241,87
241,97
241,11
241,5
241,221
242,125
242,203
242,193
242,94
242,67
242,277
242,118
242,29
242,186
242,293
242,64
242,237
242,174
242,244
242,276
242,205
242,206
242,146
242,175
242,14
242,223
242,217
242,255
242,240
242,123
243,132
243,247
243,96
243,298
243,300
243,202
243,299
243,112
243,216
243,174
243,53
243,38
243,159
243,178
243,86
243,8
244,117
244,249
244,61
244,68
244,96
244,124
244,37
244,120
244,2
244,286
244,71
244,178
244,182
244,290
244,92
244,254
244,285
244,181
244,175
244,35
244,247
245,289
245,86
245,239
245,181
245,180
245,259
245,38
245,130
245,109
245,23
245,67
245,179
245,48
245,298
245,28
245,115
245,158
245,146
245,85
245,166
245,288
246,82
246,18
246,32
246,240
246,288
246,121
246,103
246,172
246,232
246,112
246,155
246,126
246,228
246,81
246,142
246,219
246,151
246,122
246,133
246,35
246,80
246,105
247,84
247,283
247,156
247,48
247,272
247,73
247,215
247,44
247,271
247,77
247,89
247,185
247,223
247,134
247,234
247,80
247,205
247,208
247,204
247,140
248,55
248,297
248,174
248,289
248,17
248,81
248,207
248,97
248,134
248,128
248,107
248,130
248,135
248,78
248,156
248,267
248,231
248,180
249,104
249,208
249,87
249,51
249,136
249,65
249,170
249,85
249,295
249,197
249,202
249,267
249,27
249,56
249,132
249,80
249,89
249,182
249,5
249,221
249,231
250,269
250,298
250,8
250,130
250,213
250,169
250,59
250,241
250,255
250,106
250,7
250,27
250,1
250,30
250,226
250,163
250,289
250,44
250,201
251,136
251,242
251,17
251,4
251,214
251,37
251,35
251,271
251,47
251,255
251,64
251,79
251,188
251,31
251,72
251,132
251,178
251,275
251,227
252,96
252,254
252,1
252,67
252,133
252,211
252,202
252,18
252,197
252,200
252,189
252,60
252,116
252,71
252,102
252,31
252,111
252,236
252,83
252,39
252,199
252,105
252,134
252,169
252,235
252,216
253,29
253,24
253,25
253,19
253,266
253,257
253,1
253,53
253,109
253,52
253,43
253,248
253,219
253,161
253,134
253,249
253,182
253,46
253,23
253,113
253,135
253,76
253,117
253,160
253,187
253,278
254,263
254,290
254,105
254,260
254,265
254,92
254,266
254,40
254,189
254,142
254,193
254,210
254,29
254,131
254,82
254,229
254,255
255,300
255,297
255,122
255,98
255,74
255,9
255,257
255,173
255,102
255,250
255,16
255,28
255,146
255,13
255,33
255,69
255,152
255,204
255,142
255,291
255,138
255,188
255,131
255,248
255,82
255,24
255,231
255,272
255,172
256,23
256,64
256,298
256,86
256,125
256,233
256,47
256,293
256,10
256,74
256,78
256,49
256,111
256,29
256,180
256,209
257,194
257,157
257,96
257,32
257,175
257,106
257,298
257,129
257,17
257,231
257,16
257,160
257,24
257,25
257,268
257,27
257,147
257,238
257,296
257,187
257,131
257,162
257,108
257,208
257,38
257,158
257,167
257,103
258,287
258,261
258,125
258,84
258,90
258,11
258,248
258,55
258,122
258,190
258,161
258,260
258,249
258,42
258,95
258,43
258,237
259,20
259,114
259,33
259,59
259,139
259,220
259,266
259,13
259,15
259,2
259,281
259,130
259,199
259,73
259,258
259,164
260,275
260,132
260,178
260,49
260,203
260,276
260,193
260,12
260,215
260,62
260,2
260,223
260,135
260,240
261,22
261,133
261,65
261,238
261,183
261,108
261,25
261,154
261,23
261,88
261,142
261,50
261,69
261,49
261,288
261,16
261,77
261,59
261,215
261,101
261,135
261,137
261,273
261,264
262,198
262,183
262,269
262,28
262,276
262,145
262,266
262,280
262,13
262,246
262,51
262,135
262,265
262,129
262,252
262,12
262,43
262,259
262,2
262,189
262,24
262,37
263,194
263,78
263,264
263,133
263,235
263,82
263,75
263,265
263,99
263,72
263,232
263,108
263,49
263,118
263,93
263,283
263,80
263,237
263,260
263,45
263,91
263,119
263,299
264,278
264,291
264,142
264,132
264,222
264,45
264,174
264,140
264,51
264,179
264,296
264,158
264,189
264,229
264,266
264,63
264,257
264,281
264,161
264,150
264,282
264,69
264,54
265,28
265,47
265,208
265,292
265,46
265,279
265,189
265,254
265,150
265,162
265,241
265,175
265,250
265,236
265,142
265,275
265,119
265,12
265,90
265,136
265,187
265,17
265,290
265,193
265,9
265,152
265,38
266,79
266,33
266,8
266,53
266,97
266,249
266,70
266,55
266,247
266,66
266,195
266,51
266,252
266,62
266,220
266,213
266,275
266,87
266,28
266,159
266,192
266,238
266,129
267,88
267,53
267,206
267,32
267,293
267,134
267,209
267,61
267,283
267,114
267,99
267,202
267,94
267,24
267,38
267,165
267,30
267,131
267,130
267,219
267,157
267,60
267,62
268,287
268,261
268,39
268,66
268,19
268,91
268,230
268,72
268,74
268,122
268,126
268,98
268,169
268,42
268,27
268,75
268,227
