MUSIC_DIR_ID,Sr. no.
1,1
2,2
3,3
2,4
3,5
4,6
5,7
2,8
6,9
7,10
2,11
8,12
2,13
2,14
8,15
3,16
3,17
5,18
3,19
2,20
5,21
3,22
2,23
3,24
8,25
2,26
2,27
9,28
2,29
3,30
6,31
3,32
3,33
30,34
10,34
31,35
11,35
5,36
4,37
4,38
4,39
5,40
2,41
2,42
12,43
2,44
9,45
2,46
4,47
4,48
1,49
8,50
6,51
2,52
3,53
2,54
3,55
3,56
1,57
2,58
2,59
2,60
2,61
13,62
3,63
5,64
14,65
5,66
2,67
6,68
3,69
9,70
3,71
2,72
3,73
6,74
1,75
2,76
15,77
7,78
2,79
2,80
3,81
16,82
6,83
17,84
5,85
9,86
6,87
5,88
2,89
8,90
18,91
5,92
5,93
2,94
8,95
3,96
6,97
7,98
2,99
5,100
9,101
2,102
2,103
2,104
6,105
4,106
9,107
6,108
4,109
3,110
19,111
3,112
4,113
20,114
2,115
3,116
6,117
3,118
5,119
3,120
6,121
5,122
2,123
2,124
8,125
3,126
17,127
8,128
14,129
2,130
6,131
5,132
2,133
2,134
2,135
2,136
3,137
2,138
2,139
3,140
2,141
2,142
21,143
22,144
4,145
8,146
2,147
2,148
23,149
6,150
6,151
2,152
2,153
3,154
3,155
3,156
3,157
9,158
4,159
2,160
12,161
8,162
2,163
3,164
5,165
2,166
8,167
4,168
2,169
2,170
6,171
24,172
4,173
9,174
5,175
4,176
25,177
6,178
2,179
19,180
2,181
4,182
6,183
2,184
2,185
6,186
26,187
3,188
5,189
2,190
21,191
2,192
5,193
2,194
3,195
3,196
2,197
2,198
4,199
3,200
5,201
2,202
2,203
27,204
3,205
2,206
15,207
2,208
4,209
1,210
8,211
2,212
3,213
3,214
12,215
5,216
3,217
3,218
2,219
5,220
3,221
5,222
2,223
6,224
4,225
6,226
2,227
3,228
4,229
6,230
4,231
6,232
7,233
5,234
3,235
25,236
3,237
3,238
3,239
3,240
28,241
9,242
14,243
7,244
2,245
3,246
2,247
12,248
21,249
2,250
14,251
9,252
2,253
19,254
27,255
5,256
2,257
6,258
2,259
16,260
1,261
1,262
4,263
5,264
2,265
14,266
19,267
6,268
6,269
5,270
2,271
5,272
2,273
4,274
2,275
2,276
9,277
31,278
11,278
29,279
2,280
3,281
2,282
3,283
3,284
8,285
2,286
3,287
4,288
17,289
2,290
3,291
5,292
8,293
2,294
4,295
3,296
2,297
8,298
6,299
3,300
